{
  "runId": "a6eaa23b-f9fa-4753-aa9b-edbebdc92713",
  "inspectionId": "1759683076659",
  "generatedAt": "2025-10-05T18:00:16.113983Z",
  "imageLevelLabel": "Faulty",
  "anomalies": [
    {
      "id": "ai_1",
      "x": 1244,
      "y": 794,
      "w": 7,
      "h": 23,
      "confidence": 1.0,
      "severity": "Potentially Faulty",
      "classification": "LooseJoint",
      "comment": "",
      "source": "ai"
    },
    {
      "id": "ai_2",
      "x": 1258,
      "y": 794,
      "w": 7,
      "h": 16,
      "confidence": 1.0,
      "severity": "Faulty",
      "classification": "LooseJoint",
      "comment": "",
      "source": "ai"
    },
    {
      "id": "ai_3",
      "x": 1262,
      "y": 794,
      "w": 34,
      "h": 65,
      "confidence": 1.0,
      "severity": "Faulty",
      "classification": "LooseJoint",
      "comment": "",
      "source": "ai"
    },
    {
      "id": "ai_4",
      "x": 1308,
      "y": 794,
      "w": 10,
      "h": 22,
      "confidence": 1.0,
      "severity": "Potentially Faulty",
      "classification": "LooseJoint",
      "comment": "",
      "source": "ai"
    },
    {
      "id": "ai_5",
      "x": 1321,
      "y": 794,
      "w": 7,
      "h": 22,
      "confidence": 1.0,
      "severity": "Potentially Faulty",
      "classification": "LooseJoint",
      "comment": "",
      "source": "ai"
    },
    {
      "id": "ai_6",
      "x": 1331,
      "y": 802,
      "w": 5,
      "h": 14,
      "confidence": 1.0,
      "severity": "Potentially Faulty",
      "classification": "LooseJoint",
      "comment": "",
      "source": "ai"
    },
    {
      "id": "ai_7",
      "x": 1204,
      "y": 809,
      "w": 9,
      "h": 10,
      "confidence": 1.0,
      "severity": "Potentially Faulty",
      "classification": "LooseJoint",
      "comment": "",
      "source": "ai"
    },
    {
      "id": "ai_8",
      "x": 1148,
      "y": 868,
      "w": 19,
      "h": 30,
      "confidence": 1.0,
      "severity": "Potentially Faulty",
      "classification": "LooseJoint",
      "comment": "",
      "source": "ai"
    },
    {
      "id": "ai_9",
      "x": 1239,
      "y": 871,
      "w": 10,
      "h": 17,
      "confidence": 1.0,
      "severity": "Potentially Faulty",
      "classification": "LooseJoint",
      "comment": "",
      "source": "ai"
    },
    {
      "id": "ai_10",
      "x": 1262,
      "y": 873,
      "w": 9,
      "h": 30,
      "confidence": 1.0,
      "severity": "Potentially Faulty",
      "classification": "FullWireOverload",
      "comment": "",
      "source": "ai"
    },
    {
      "id": "ai_11",
      "x": 1283,
      "y": 878,
      "w": 13,
      "h": 38,
      "confidence": 1.0,
      "severity": "Potentially Faulty",
      "classification": "PointOverload",
      "comment": "",
      "source": "ai"
    },
    {
      "id": "ai_12",
      "x": 1094,
      "y": 880,
      "w": 7,
      "h": 26,
      "confidence": 1.0,
      "severity": "Potentially Faulty",
      "classification": "LooseJoint",
      "comment": "",
      "source": "ai"
    },
    {
      "id": "ai_13",
      "x": 1307,
      "y": 887,
      "w": 11,
      "h": 32,
      "confidence": 1.0,
      "severity": "Potentially Faulty",
      "classification": "PointOverload",
      "comment": "",
      "source": "ai"
    },
    {
      "id": "ai_14",
      "x": 1066,
      "y": 890,
      "w": 25,
      "h": 32,
      "confidence": 1.0,
      "severity": "Potentially Faulty",
      "classification": "FullWireOverload",
      "comment": "",
      "source": "ai"
    },
    {
      "id": "ai_15",
      "x": 1331,
      "y": 898,
      "w": 8,
      "h": 25,
      "confidence": 1.0,
      "severity": "Potentially Faulty",
      "classification": "LooseJoint",
      "comment": "",
      "source": "ai"
    },
    {
      "id": "ai_16",
      "x": 1353,
      "y": 902,
      "w": 7,
      "h": 22,
      "confidence": 1.0,
      "severity": "Potentially Faulty",
      "classification": "LooseJoint",
      "comment": "",
      "source": "ai"
    }
  ],
  "thresholdsUsed": {
    "t_pot": 8.0,
    "t_fault": 12.0,
    "base_t_pot": 8.0,
    "base_t_fault": 12.0,
    "slider_percent": 50.0,
    "scale_applied": 1.0,
    "source": "slider_scaled",
    "ratio": 1.5,
    "mean_ssim": 0.9485418932214229
  },
  "paths": {
    "baseline": "inspections\\1759683076659\\runs\\a6eaa23b-f9fa-4753-aa9b-edbebdc92713\\baseline.png",
    "maintenance": "inspections\\1759683076659\\runs\\a6eaa23b-f9fa-4753-aa9b-edbebdc92713\\maintenance.png",
    "overlay": "inspections\\1759683076659\\runs\\a6eaa23b-f9fa-4753-aa9b-edbebdc92713\\overlay.png",
    "report": "inspections\\1759683076659\\runs\\a6eaa23b-f9fa-4753-aa9b-edbebdc92713\\report.json"
  }
}